{"schemaVersion":"1.0","appDefinitionTemplate":{"id":"/providers/Microsoft.PowerApps/apps/","type":"Microsoft.PowerApps/apps","tags":{"primaryDeviceWidth":"1106","primaryDeviceHeight":"768","sienaVersion":"20200306T225433Z-3.20022.19.0","deviceCapabilities":"","supportsPortrait":"false","supportsLandscape":"true","primaryFormFactor":"Tablet","publisherVersion":"3.20022.19","minimumRequiredApiVersion":"2.2.0","hasComponent":"false","hasUnlockedComponent":"false"},"properties":{"appVersion":"2020-03-06T22:54:33Z","lifeCycleId":"Published","createdByClientVersion":{"major":3,"minor":20022,"build":19,"revision":0,"majorRevision":0,"minorRevision":0},"minClientVersion":{"major":3,"minor":20022,"build":19,"revision":0,"majorRevision":0,"minorRevision":0},"backgroundColor":"rgba(0, 176, 240, 1)","backgroundImageUri":"/11690879376233878070/N96b00c51-6ecc-4ad5-8f5d-55cf9775e5bc-logoSmallFile","displayName":"IncentivesApplication","description":"","commitMessage":"","appUris":{"documentUri":{"value":"/11690879376233878070/N17692f65-69e9-4bc1-9a8b-f55be953ecb7-document.msapp","readonlyValue":"/11690879376233878070/N17692f65-69e9-4bc1-9a8b-f55be953ecb7-document.msapp"},"imageUris":[]},"createdTime":"0001-01-01T00:00:00Z","lastModifiedTime":"0001-01-01T00:00:00Z","sharedGroupsCount":0,"sharedUsersCount":0,"icons":{"smallIconUri":"/11690879376233878070/Nca1c7556-0fc8-4482-abd6-4877a8b6097e-small.png","mediumIconUri":"/11690879376233878070/N2304db8e-2997-45f8-9682-750ce84f0c3a-medium.png","largeIconUri":"/11690879376233878070/N74000708-a43e-4b1b-aaa3-bbe1e92597c3-large.png","wideIconUri":"/11690879376233878070/N56cd4f1b-aa8f-40a3-9173-1833dc146178-wide.png"},"connectionReferences":{"f87b4ca7-8b27-4990-8c42-119b45456d28":{"id":"e222ef69-9b99-4ba7-8c91-63dbb3981084","displayName":"Office 365 Users","iconUri":"https://connectoricons-prod.azureedge.net/office365users/icon_1.0.1309.1901.png","dataSources":["Office365Users"],"dependencies":[],"dependents":[],"parameterHints":{},"isOnPremiseConnection":false,"bypassConsent":false,"dataSets":{},"apiTier":"Standard","isCustomApiConnection":false},"5aa8a25d-fe0d-4665-b093-35b2c7118d56":{"id":"dd58cdac-0028-4098-86ff-e927beddeee2","displayName":"Office 365 Groups","iconUri":"https://connectoricons-prod.azureedge.net/office365groups/icon_1.0.1306.1889.png","dataSources":["Office365Groups"],"dependencies":[],"dependents":[],"parameterHints":{},"isOnPremiseConnection":false,"bypassConsent":false,"dataSets":{},"apiTier":"Standard","isCustomApiConnection":false}},"databaseReferences":{},"almMode":"Environment","performanceOptimizationEnabled":false,"canConsumeAppPass":true},"isAppComponentLibrary":false,"appComponents":[]}}