{"schemaVersion":"1.0","appDefinitionTemplate":{"id":"/providers/Microsoft.PowerApps/apps/","type":"Microsoft.PowerApps/apps","tags":{"primaryDeviceWidth":"1106","primaryDeviceHeight":"768","sienaVersion":"20200919T071239Z-3.20091.38.0","deviceCapabilities":"","supportsPortrait":"false","supportsLandscape":"true","primaryFormFactor":"Tablet","publisherVersion":"3.20091.38","minimumRequiredApiVersion":"2.2.0","hasComponent":"false","hasUnlockedComponent":"false","isUnifiedRootApp":"false"},"properties":{"appVersion":"2020-09-19T07:12:39Z","lifeCycleId":"Published","createdByClientVersion":{"major":3,"minor":20091,"build":38,"revision":0,"majorRevision":0,"minorRevision":0},"minClientVersion":{"major":3,"minor":20091,"build":38,"revision":0,"majorRevision":0,"minorRevision":0},"backgroundColor":"rgba(0, 176, 240, 1)","backgroundImageUri":"/656041836397230210/N5ae19fe0-ec3b-402a-98e1-fac9dd2c4913-logoSmallFile","displayName":"IncentivesApplication","description":"","commitMessage":"","appUris":{"documentUri":{"value":"/656041836397230210/Nd6bcb75f-fa45-423c-b0b2-f12f72146bdc-document.msapp","readonlyValue":"/656041836397230210/Nd6bcb75f-fa45-423c-b0b2-f12f72146bdc-document.msapp"},"imageUris":[]},"createdTime":"0001-01-01T00:00:00Z","lastModifiedTime":"0001-01-01T00:00:00Z","sharedGroupsCount":0,"sharedUsersCount":0,"icons":{"smallIconUri":"/656041836397230210/N4c625404-fc11-4967-97bf-fa5cb92ea869-small.png","mediumIconUri":"/656041836397230210/N66725976-70c5-4f5e-8ae6-b914549144c0-medium.png","largeIconUri":"/656041836397230210/N5432f90d-4330-49ef-96e7-78c55d6771b5-large.png","wideIconUri":"/656041836397230210/N6cef36e2-f062-4e9a-8629-b50fd3245ece-wide.png"},"connectionReferences":{"f87b4ca7-8b27-4990-8c42-119b45456d28":{"id":"db70c08d-74b1-4566-943f-09d74146c061","displayName":"Office 365 Users","iconUri":"https://connectoricons-prod.azureedge.net/releases/v1.0.1385/1.0.1385.2110/office365users/icon.png","dataSources":["Office365Users"],"dependencies":[],"dependents":[],"parameterHints":{},"isOnPremiseConnection":false,"bypassConsent":false,"dataSets":{},"apiTier":"Standard","isCustomApiConnection":false},"5aa8a25d-fe0d-4665-b093-35b2c7118d56":{"id":"59bdd779-aa30-4dc1-a2f4-b6fbcea9c632","displayName":"Office 365 Groups","iconUri":"https://connectoricons-prod.azureedge.net/releases/v1.0.1385/1.0.1385.2110/office365groups/icon.png","dataSources":["Office365Groups"],"dependencies":[],"dependents":[],"parameterHints":{},"isOnPremiseConnection":false,"bypassConsent":false,"dataSets":{},"apiTier":"Standard","isCustomApiConnection":false}},"databaseReferences":{},"almMode":"Environment","performanceOptimizationEnabled":false,"canConsumeAppPass":true},"isAppComponentLibrary":false,"appType":"ClassicCanvasApp","appComponents":[]}}