{"schemaVersion":"1.0","appDefinitionTemplate":{"id":"/providers/Microsoft.PowerApps/apps/","type":"Microsoft.PowerApps/apps","tags":{"primaryDeviceWidth":"1106","primaryDeviceHeight":"768","sienaVersion":"20210420T134024Z-3.21041.29.0","deviceCapabilities":"","supportsPortrait":"false","supportsLandscape":"true","primaryFormFactor":"Tablet","publisherVersion":"3.21041.29","minimumRequiredApiVersion":"2.2.0","hasComponent":"false","hasUnlockedComponent":"false","isUnifiedRootApp":"false"},"properties":{"appVersion":"2021-04-20T13:40:24Z","lifeCycleId":"Published","createdByClientVersion":{"major":3,"minor":21041,"build":29,"revision":0,"majorRevision":0,"minorRevision":0},"minClientVersion":{"major":3,"minor":21041,"build":29,"revision":0,"majorRevision":0,"minorRevision":0},"backgroundColor":"rgba(0, 176, 240, 1)","backgroundImageUri":"/9661398643787334489/N06184c88-b2d7-4ae7-b2bf-28f5ba081ae2-logoSmallFile","displayName":"IncentivesApplication","description":"","commitMessage":"","appUris":{"documentUri":{"value":"/9661398643787334489/N7571a365-9ffe-4504-87ef-9d070cb3233f-document.msapp"},"imageUris":[]},"createdTime":"0001-01-01T00:00:00Z","lastModifiedTime":"0001-01-01T00:00:00Z","sharedGroupsCount":0,"sharedUsersCount":0,"icons":{"smallIconUri":"/9661398643787334489/N9c824e56-b2fd-437f-b3dc-1742a49160a8-small.png","mediumIconUri":"/9661398643787334489/N0a766574-5bfa-4bea-8f1f-7570f38641f7-medium.png","largeIconUri":"/9661398643787334489/Nffe1d97b-daa0-45fc-b842-11c325798aa2-large.png","wideIconUri":"/9661398643787334489/N85e41ba6-c4ca-4e28-b9a1-0e11e1d079f2-wide.png"},"connectionReferences":{"f87b4ca7-8b27-4990-8c42-119b45456d28":{"id":"a5aadcea-df88-49f6-b059-d06fc076899e","displayName":"Office 365 Users","iconUri":"https://connectoricons-prod.azureedge.net/releases/v1.0.1460/1.0.1460.2389/office365users/icon.png","dataSources":["Office365Users"],"dependencies":[],"dependents":[],"parameterHints":{},"isOnPremiseConnection":false,"bypassConsent":false,"dataSets":{},"apiTier":"Standard","isCustomApiConnection":false,"actions":["MyProfile","SearchUser"]},"5aa8a25d-fe0d-4665-b093-35b2c7118d56":{"id":"c41ba90f-8488-4f2b-a97a-f304c709b247","displayName":"Office 365 Groups","iconUri":"https://connectoricons-prod.azureedge.net/releases/v1.0.1459/1.0.1459.2387/office365groups/icon.png","dataSources":["Office365Groups"],"dependencies":[],"dependents":[],"parameterHints":{},"isOnPremiseConnection":false,"bypassConsent":false,"dataSets":{},"apiTier":"Standard","isCustomApiConnection":false,"actions":["ListGroupMembers"]},"5babb650-c98f-4c85-b8b9-90b95d31a91c":{"id":"23811809-6ae7-4a39-8ba4-b253b53891a2","displayName":"SharePoint","iconUri":"https://connectoricons-prod.azureedge.net/releases/v1.0.1458/1.0.1458.2381/sharepointonline/icon.png","dataSources":["Incentives_1","Rewards_1","UserIncentives","UserRewards"],"dependencies":[],"dependents":[],"parameterHints":{},"isOnPremiseConnection":false,"bypassConsent":false,"dataSets":{"https://m365x539479.sharepoint.com/sites/IncentivesSite":{"dataSources":{"Incentives_1":{"tableName":"193f16d6-e8ec-4472-863a-158fd0a1498f"},"Rewards_1":{"tableName":"40c11c87-ec3d-486d-932b-cbfb9fe20e0a"},"UserIncentives":{"tableName":"befdb6d8-413f-4db1-94d7-685af86a6107"},"UserRewards":{"tableName":"e9da7d25-78d8-4170-b7c3-4c985199f57b"}}}},"apiTier":"Standard","isCustomApiConnection":false}},"databaseReferences":{},"almMode":"Environment","performanceOptimizationEnabled":false,"canConsumeAppPass":true,"executionRestrictions":{"isTeamsOnly":false,"dataLossPreventionEvaluationResult":{"status":"Compliant","lastEvaluationDate":"2021-04-19T07:15:56.8748928Z","violationDetails":[]}}},"isAppComponentLibrary":false,"appType":"ClassicCanvasApp","appComponents":[]}}