{"schemaVersion":"1.0","appDefinitionTemplate":{"id":"/providers/Microsoft.PowerApps/apps/","type":"Microsoft.PowerApps/apps","tags":{"primaryDeviceWidth":"1106","primaryDeviceHeight":"768","sienaVersion":"20200305T030953Z-3.20022.19.0","deviceCapabilities":"","supportsPortrait":"false","supportsLandscape":"true","primaryFormFactor":"Tablet","publisherVersion":"3.20022.19","minimumRequiredApiVersion":"2.2.0","hasComponent":"false","hasUnlockedComponent":"false"},"properties":{"appVersion":"2020-03-05T03:09:53Z","lifeCycleId":"Published","createdByClientVersion":{"major":3,"minor":20022,"build":19,"revision":0,"majorRevision":0,"minorRevision":0},"minClientVersion":{"major":3,"minor":20022,"build":19,"revision":0,"majorRevision":0,"minorRevision":0},"backgroundColor":"rgba(0, 176, 240, 1)","backgroundImageUri":"/6178401746248903409/N84f6fc35-d28a-4d5d-8dbc-e13d83b1826f-logoSmallFile","displayName":"Incentives__Application","description":"","commitMessage":"","appUris":{"documentUri":{"value":"/6178401746248903409/Ne0be18d5-a3b3-4c70-996b-352c383bbbfb-document.msapp","readonlyValue":"/6178401746248903409/Ne0be18d5-a3b3-4c70-996b-352c383bbbfb-document.msapp"},"imageUris":[]},"createdTime":"0001-01-01T00:00:00Z","lastModifiedTime":"0001-01-01T00:00:00Z","sharedGroupsCount":0,"sharedUsersCount":0,"icons":{"smallIconUri":"/6178401746248903409/N940e5a9a-8a58-453d-b2e2-474e46ccf863-small.png","mediumIconUri":"/6178401746248903409/Nc1fd9c15-b823-457d-975f-d91c1e8cb081-medium.png","largeIconUri":"/6178401746248903409/N305079c6-aaf4-4fef-9132-f5705a18f57a-large.png","wideIconUri":"/6178401746248903409/N04bc5cdf-760f-4678-8e0f-206f72523c43-wide.png"},"connectionReferences":{"f87b4ca7-8b27-4990-8c42-119b45456d28":{"id":"e222ef69-9b99-4ba7-8c91-63dbb3981084","displayName":"Office 365 Users","iconUri":"https://connectoricons-prod.azureedge.net/office365users/icon_1.0.1309.1901.png","dataSources":["Office365Users"],"dependencies":[],"dependents":[],"parameterHints":{},"isOnPremiseConnection":false,"dataSets":{},"apiTier":"Standard","isCustomApiConnection":false},"5aa8a25d-fe0d-4665-b093-35b2c7118d56":{"id":"dd58cdac-0028-4098-86ff-e927beddeee2","displayName":"Office 365 Groups","iconUri":"https://connectoricons-prod.azureedge.net/office365groups/icon_1.0.1306.1889.png","dataSources":["Office365Groups"],"dependencies":[],"dependents":[],"parameterHints":{},"isOnPremiseConnection":false,"dataSets":{},"apiTier":"Standard","isCustomApiConnection":false},"abdd25df-6029-489c-9424-d060d60ca8e4":{"id":"38437675-c0da-4c18-aba4-acf76244b710","displayName":"SharePoint","iconUri":"https://connectoricons-prod.azureedge.net/sharepointonline/icon_1.0.1299.1858.png","dataSources":["Incentives_1","Rewards_1","UserIncentives","UserRewards"],"dependencies":[],"dependents":[],"parameterHints":{},"isOnPremiseConnection":false,"dataSets":{"https://m365x357260.sharepoint.com/sites/Incentiveappsl":{"dataSources":{"Incentives_1":{"tableName":"e40ced3b-300b-4c46-a13f-1a277ac90d0d"},"Rewards_1":{"tableName":"d442eace-d3db-4931-ac14-433221daadf4"},"UserIncentives":{"tableName":"5e387f4d-9f78-40db-a4e2-235353a89bbc"},"UserRewards":{"tableName":"21a20c05-d873-4089-ac45-22bc22538452"}}}},"apiTier":"Standard","isCustomApiConnection":false}},"databaseReferences":{},"almMode":"Environment","performanceOptimizationEnabled":false,"canConsumeAppPass":true},"isAppComponentLibrary":false,"appComponents":[]}}