{"schemaVersion":"1.0","appDefinitionTemplate":{"id":"/providers/Microsoft.PowerApps/apps/","type":"Microsoft.PowerApps/apps","tags":{"primaryDeviceWidth":"1106","primaryDeviceHeight":"768","sienaVersion":"20200306T194809Z-3.20022.19.0","deviceCapabilities":"","supportsPortrait":"false","supportsLandscape":"true","primaryFormFactor":"Tablet","publisherVersion":"3.20022.19","minimumRequiredApiVersion":"2.2.0","hasComponent":"false","hasUnlockedComponent":"false"},"properties":{"appVersion":"2020-03-06T19:48:09Z","lifeCycleId":"Published","createdByClientVersion":{"major":3,"minor":20022,"build":19,"revision":0,"majorRevision":0,"minorRevision":0},"minClientVersion":{"major":3,"minor":20022,"build":19,"revision":0,"majorRevision":0,"minorRevision":0},"backgroundColor":"rgba(0, 176, 240, 1)","backgroundImageUri":"/7053015969219478420/N3d784036-fd76-4ffc-92bb-76390c8e3608-logoSmallFile","displayName":"Incentives_Application","description":"","commitMessage":"","appUris":{"documentUri":{"value":"/7053015969219478420/N61c418da-f186-482a-bf18-1bbe83a2c3ab-document.msapp","readonlyValue":"/7053015969219478420/N61c418da-f186-482a-bf18-1bbe83a2c3ab-document.msapp"},"imageUris":[]},"createdTime":"0001-01-01T00:00:00Z","lastModifiedTime":"0001-01-01T00:00:00Z","sharedGroupsCount":0,"sharedUsersCount":0,"icons":{"smallIconUri":"/7053015969219478420/N0d7ce1c2-9f65-4ebe-9ed9-d2b8bd600f92-small.png","mediumIconUri":"/7053015969219478420/Nbb1a6932-6a0d-4225-b77f-3934a5962f6a-medium.png","largeIconUri":"/7053015969219478420/N07f4ccb5-b5ae-4b58-aafd-2481a1879b28-large.png","wideIconUri":"/7053015969219478420/Nd5153888-ef36-4e8e-a388-140da5aa57f6-wide.png"},"connectionReferences":{"f87b4ca7-8b27-4990-8c42-119b45456d28":{"id":"e222ef69-9b99-4ba7-8c91-63dbb3981084","displayName":"Office 365 Users","iconUri":"https://connectoricons-prod.azureedge.net/office365users/icon_1.0.1309.1901.png","dataSources":["Office365Users"],"dependencies":[],"dependents":[],"parameterHints":{},"isOnPremiseConnection":false,"bypassConsent":false,"dataSets":{},"apiTier":"Standard","isCustomApiConnection":false},"5aa8a25d-fe0d-4665-b093-35b2c7118d56":{"id":"dd58cdac-0028-4098-86ff-e927beddeee2","displayName":"Office 365 Groups","iconUri":"https://connectoricons-prod.azureedge.net/office365groups/icon_1.0.1306.1889.png","dataSources":["Office365Groups"],"dependencies":[],"dependents":[],"parameterHints":{},"isOnPremiseConnection":false,"bypassConsent":false,"dataSets":{},"apiTier":"Standard","isCustomApiConnection":false}},"databaseReferences":{},"almMode":"Environment","performanceOptimizationEnabled":false,"canConsumeAppPass":true},"isAppComponentLibrary":false,"appComponents":[]}}